building_area,floors,material_cost,labour_cost,project_duration,concrete_quantity,steel_quantity,boq_cost,bbs_cost,location,total_cost
1173.0,5,1390322.87,813404.14,26.4,557.32,67.84,2468555.56,4670302.86,Salem,3618811.48
3087.0,2,4070247.56,2096396.04,47.91,1206.76,113.96,6884127.19,9566524.24,Salem,9080554.09
4413.0,3,6756098.75,3121087.4,58.52,1647.57,160.25,10427426.88,13700365.24,Salem,14620303.62
4647.0,3,5301292.07,2499260.34,81.49,1743.28,194.28,8763272.51,15175973.79,Coimbatore,13729801.33
4038.0,5,4454068.72,2757566.03,65.89,1363.49,224.01,7705726.04,15903915.98,Salem,12084680.96
739.0,5,1003826.19,489433.5,36.83,227.58,28.4,1646191.66,2247700.92,Trichy,2595228.19
1119.0,5,1468762.37,639432.14,33.08,320.22,53.83,2258513.75,4158343.19,Salem,3367420.4
5223.0,5,5655984.24,2441426.08,88.31,2281.3,286.9,8959319.7,25654441.58,Chennai,16263470.64
2472.0,1,2369488.9,1579468.93,35.59,939.88,97.82,4471566.46,7667234.77,Chennai,6600287.91
2719.0,5,3086549.52,1046978.05,83.94,1255.41,152.24,4521091.64,14322032.78,Trichy,8327083.75
2084.0,5,2484305.09,956340.57,72.2,773.49,85.59,3751063.83,7050756.87,Madurai,6577740.68
1637.0,1,2238844.56,855884.52,25.17,671.12,61.44,3367337.36,4070439.76,Trichy,4328389.65
1697.0,2,1686717.41,664139.93,26.88,789.15,88.98,2614739.43,7360826.96,Coimbatore,4522673.98
820.0,3,1155197.88,314135.44,25.5,383.4,42.76,1613455.13,3122205.66,Madurai,2459628.62
3589.0,4,4254014.6,1287176.3,68.44,1105.59,185.27,5962439.44,15778763.42,Chennai,11195051.87
2190.0,5,3065169.7,860881.07,39.67,629.59,113.1,4275021.94,10167318.85,Trichy,6785405.14
5805.0,2,8820027.64,2707261.22,81.33,2712.15,231.84,12149501.85,18095900.36,Salem,17280326.71
5960.0,1,8814930.11,4215976.79,79.97,2589.04,326.91,13983226.91,22175276.08,Trichy,18667075.02
2714.0,2,4095232.08,1211497.66,58.81,843.12,109.59,5838405.72,9998285.01,Chennai,8950812.91
1741.0,6,2666667.38,958066.16,40.82,567.45,67.82,3987602.14,4656185.52,Trichy,5758174.02
5616.0,5,7175708.07,2414376.02,93.05,2402.51,218.64,10262884.31,20295724.91,Chennai,18134603.71
2807.0,1,3735728.9,2055423.79,48.9,799.92,145.0,6356583.59,9885532.84,Madurai,7904047.43
4669.0,3,7134468.92,2747319.07,68.62,1743.76,273.34,10362012.78,18661885.24,Coimbatore,16211361.37
5096.0,3,6344521.19,3018902.65,71.04,1847.37,235.57,10220271.06,19918910.66,Coimbatore,16070792.82
2152.0,3,2283477.98,956918.96,45.0,647.87,79.62,3660272.34,5524244.02,Chennai,5879553.26
5071.0,6,7599556.82,2110614.55,92.31,1537.01,180.7,10262216.99,12692389.29,Chennai,16855043.25
2975.0,4,3993831.72,1509670.24,63.03,1353.63,180.09,5821696.09,12686325.63,Salem,8692923.82
1954.0,4,2287294.91,722397.02,47.78,586.85,117.25,3221337.28,10874134.61,Madurai,5289708.08
5137.0,6,7637303.98,3810771.83,96.46,2098.45,299.85,12072366.97,24312136.08,Coimbatore,20646921.64
3425.0,6,3939805.49,2074951.68,68.16,1286.35,162.71,6484705.5,12370114.49,Madurai,10330261.92
4606.0,2,5281477.51,2875513.54,82.77,2133.82,227.66,8859580.12,18454991.11,Salem,12814103.19
5198.0,2,6478108.75,3135262.33,89.3,1665.86,290.28,10849013.92,20018385.06,Salem,14455147.04
4072.0,1,5585624.12,1562822.55,44.75,1921.07,240.36,7942442.38,21266392.95,Salem,11418425.57
4914.0,1,6307361.42,1906728.7,62.43,1931.15,256.38,9071866.29,20684284.99,Coimbatore,13647046.53
5577.0,5,6803380.01,3289523.05,71.14,1692.18,209.87,11237627.63,16277118.29,Salem,15914633.02
4804.0,5,7128839.38,3146681.77,92.44,1647.23,190.85,10869513.37,17765512.35,Coimbatore,16981235.62
4609.0,3,6334128.93,2632648.02,67.5,1732.4,213.35,10155258.51,18462139.94,Salem,12878713.01
5742.0,2,7545550.86,2289729.71,82.71,1621.89,279.23,11167791.61,20624203.0,Salem,14466156.49
2371.0,3,2599215.4,1700900.29,34.29,1136.67,145.52,4644919.2,13112580.77,Chennai,8625801.5
1264.0,1,1671742.71,488126.83,15.43,414.8,49.66,2443363.09,3523425.13,Trichy,3197641.0
2231.0,4,2060341.35,785695.58,61.46,982.3,94.05,3372341.92,6274819.34,Trichy,5639237.8
4945.0,1,6694434.73,3388274.87,90.26,1508.15,247.92,11166802.45,20800758.36,Trichy,15092174.75
3078.0,1,4239956.42,1314972.68,52.07,1465.25,164.2,5889569.42,13708932.69,Chennai,10228500.93
924.0,3,935580.58,357300.08,38.25,343.46,54.07,1479367.28,4443449.54,Trichy,2420447.92
2016.0,6,2209279.39,1171713.08,58.68,943.73,79.54,3746566.73,6134021.01,Salem,5757106.37
3213.0,6,3472446.87,1516156.36,77.26,1307.45,152.15,5520050.45,10883076.24,Chennai,10649033.75
3888.0,2,3590330.41,2011495.75,57.64,1533.78,202.07,6427327.68,17062616.51,Madurai,9241404.22
4158.0,2,5226372.53,2172834.74,58.32,1590.63,237.43,8404713.38,21993239.62,Trichy,11640820.61
4587.0,4,6513153.62,2182404.13,69.35,1390.65,170.46,9772213.41,11364133.83,Chennai,14773488.98
2187.0,3,2414515.12,1415157.46,60.18,987.01,100.97,4102124.8,8382979.45,Chennai,7016601.38
3394.0,3,5168990.62,2539342.57,49.42,1417.11,190.61,8258346.74,16054820.49,Coimbatore,11841178.53
756.0,5,760867.39,314770.24,47.84,295.74,45.49,1271026.94,3150092.94,Madurai,2399985.91
5168.0,3,4920101.55,3370218.53,83.8,1602.78,208.93,9557185.93,13860363.62,Trichy,12517169.91
1934.0,2,2477820.23,1058509.13,39.82,867.82,104.68,3930602.03,8909152.8,Madurai,5902124.66
3953.0,1,4499681.91,2236650.78,63.35,1488.36,229.51,7670515.47,18393513.97,Madurai,10658559.11
5521.0,1,6191161.16,3033937.37,72.59,1985.96,345.17,10334450.5,24274404.3,Salem,13471205.22
2377.0,2,2177652.98,1713779.4,39.31,950.08,83.72,4234869.75,7207245.62,Madurai,6418964.03
4059.0,5,4912927.62,2656911.91,74.06,1918.45,237.29,8538675.06,16236106.89,Trichy,12957072.21
4989.0,3,6283732.67,3051476.77,74.3,1684.51,284.44,10432776.29,21444982.71,Chennai,15746700.31
1356.0,4,1652021.35,1009156.99,49.33,491.3,79.75,2815180.73,6512446.32,Trichy,4692762.07
2110.0,6,3027172.71,769703.29,43.15,636.92,116.6,4248671.97,10285196.75,Chennai,7860997.74
5287.0,3,4926566.24,2346444.94,85.16,1485.12,266.67,8374642.13,17570434.99,Salem,11743425.66
4409.0,6,5892841.57,1962284.29,71.75,1987.0,193.86,8712461.38,14909137.7,Chennai,16073829.69
2156.0,6,2059254.96,1049477.79,65.77,1034.34,94.63,3465056.41,6539281.94,Chennai,7033554.77
1689.0,6,2289562.22,993275.79,68.2,640.78,65.92,3550477.89,4417854.75,Coimbatore,5746325.24
1770.0,2,2323038.57,862551.06,39.46,761.79,90.67,3443171.61,8333423.88,Madurai,5038552.95
3671.0,2,5473065.01,2062429.55,52.61,1507.64,161.46,8044366.86,12056695.85,Chennai,13060187.0
1523.0,1,1926546.43,1015520.82,21.5,571.51,98.75,3258753.16,8832377.81,Coimbatore,5000715.17
2115.0,5,2158075.3,1215846.44,65.08,996.31,106.56,3731939.64,7040840.01,Salem,5783434.08
5787.0,2,6133891.86,2177139.85,86.86,1982.13,211.39,8993064.72,16178933.57,Chennai,14113476.9
5459.0,5,5647681.34,2570253.48,97.55,1530.33,209.42,9517407.9,13619966.5,Chennai,15921647.03
3393.0,1,4004970.18,2246954.72,40.1,1168.88,143.44,6851733.14,12263569.05,Coimbatore,9210109.76
4643.0,2,6986554.26,1715252.89,73.84,1439.75,169.1,9268777.15,15653035.07,Chennai,14128571.11
749.0,5,727959.96,447946.73,38.45,298.13,45.3,1251374.89,4104393.26,Chennai,2844583.76
3126.0,1,4383931.48,2163806.62,54.56,1159.41,166.0,7352820.41,12590384.85,Trichy,9166458.02
5010.0,4,6465290.01,2187076.81,83.67,1481.06,179.83,9431104.11,11791910.49,Trichy,12767132.71
4194.0,5,5704927.52,2706942.46,97.24,1672.43,162.65,8927710.94,13953920.38,Chennai,15629965.4
1616.0,1,1458609.59,576317.18,21.72,493.5,100.06,2424157.9,8113564.57,Salem,3420948.1
1666.0,2,1554107.78,979319.85,36.37,745.12,59.22,2858821.1,4260024.96,Salem,3881992.6
5332.0,4,6717261.84,2711143.91,87.79,2097.54,307.94,10800578.53,23889206.59,Trichy,15549384.55
5696.0,1,8073616.13,3178892.18,80.21,2608.38,266.86,12444185.88,18541678.83,Coimbatore,16495487.97
5797.0,5,8453990.37,4145046.87,113.91,2473.57,355.65,13530316.19,28633717.01,Chennai,24123353.0
4160.0,5,5861124.19,2404369.87,106.79,1884.96,245.2,8747962.53,17441729.13,Madurai,13264108.29
4641.0,2,5314613.5,2959681.79,57.62,1595.7,247.19,9169814.76,19101411.45,Salem,12421416.8
3752.0,6,4517281.06,1608470.66,78.32,1148.94,149.65,6911908.03,11251547.1,Chennai,11848284.95
5761.0,2,8006510.86,4046609.48,91.75,1827.12,291.85,13060988.06,21242094.75,Chennai,18890737.75
745.0,3,1135056.69,455200.72,17.63,246.21,32.66,1755921.99,2982193.2,Trichy,2554020.83
5479.0,4,8325063.46,2075055.4,104.83,2139.99,207.71,11689478.31,17343946.61,Salem,16216780.0
3461.0,1,3684636.18,1433285.97,42.59,1477.94,151.87,5669607.01,11716271.1,Chennai,9301800.53
4728.0,1,7148737.21,1882983.37,52.2,1573.99,285.54,9640302.75,22103155.15,Coimbatore,13859255.39
1681.0,2,2288949.42,1160787.42,25.89,649.15,71.36,3683677.3,4983761.8,Chennai,5942806.71
5683.0,1,7026915.78,3104299.91,77.3,2085.16,221.37,10813779.32,20712837.36,Trichy,14604616.14
5122.0,6,5154396.5,2928588.63,100.71,1464.95,197.55,9346560.74,14746193.28,Salem,13769930.72
3923.0,6,4886982.94,1666865.35,80.89,1680.31,192.47,7042106.2,17826870.68,Madurai,11832298.01
3664.0,1,4113068.6,2446756.22,50.64,1607.5,151.54,7467783.55,11841136.03,Coimbatore,9617103.42
4087.0,4,4424515.29,1531910.77,65.14,1268.87,220.57,6622069.14,20436965.33,Salem,10158433.16
2894.0,5,3471974.14,1776859.63,59.48,1360.22,131.04,5620300.89,11183698.75,Salem,8260993.74
5184.0,6,7672926.52,3368809.17,83.16,2135.8,228.48,12346059.62,17362341.69,Madurai,18318557.36
2789.0,3,3528593.45,1779139.4,58.13,1014.81,151.76,5739408.66,11722307.87,Madurai,8113625.9
3032.0,5,4044289.14,1856211.91,46.33,1046.98,124.11,6581197.87,11271787.99,Chennai,10486375.98
5540.0,5,5451835.46,2548738.0,108.97,2298.81,345.2,8734089.31,28051472.45,Madurai,16211022.73
4418.0,4,4708790.57,2651645.0,95.07,1590.19,245.48,7818654.69,18902149.95,Trichy,12986317.69
5801.0,4,6894853.24,4202099.37,77.82,2256.07,288.28,12263837.69,21627661.51,Salem,17860736.9
1994.0,6,2887630.79,1478115.85,62.05,862.44,98.54,4710773.15,7115253.2,Salem,7258694.38
4059.0,2,4333288.82,2372016.89,61.89,1798.99,246.86,7220116.48,16101273.76,Chennai,12602024.17
2481.0,1,2455976.37,1636800.95,45.55,1190.19,101.17,4401994.71,7859255.16,Salem,6226730.84
5352.0,6,8228880.6,2022286.67,127.9,1788.24,329.39,11354495.57,22515660.09,Trichy,16731245.87
5113.0,1,6436859.0,2813716.93,65.45,2446.1,332.26,10184381.04,22545576.2,Madurai,14520892.98
1326.0,6,1467765.51,708725.19,31.74,549.56,60.47,2476159.04,5439718.8,Salem,3883856.83
5053.0,3,7007164.41,3388318.32,87.61,1560.27,310.11,10978473.81,21585655.33,Coimbatore,16801953.15
2187.0,1,2043367.93,765903.8,35.95,627.6,119.34,3316000.44,8358550.13,Chennai,5468049.57
1478.0,2,1847961.35,1001610.97,33.71,631.93,63.15,3175283.07,5059549.38,Salem,4415856.46
4486.0,3,5110172.27,1963413.13,89.21,1362.77,168.58,7648720.29,11844603.17,Chennai,12712607.44
5063.0,5,5008255.39,3095598.85,89.12,2303.75,325.39,9317239.83,23027405.76,Salem,13805163.25
3208.0,4,3489997.08,2065599.29,61.08,1429.84,180.66,5890038.21,12011069.92,Salem,9033645.47
3888.0,4,4557227.66,2539502.13,63.64,1388.3,167.65,7810204.83,12480586.21,Coimbatore,11989788.05
4089.0,5,3855728.63,1432895.95,100.18,1673.46,164.21,6279970.87,12988744.62,Salem,10556110.79
3223.0,3,3351487.73,1883226.39,68.75,1040.44,122.39,5663752.23,9507695.79,Chennai,9242179.42
1112.0,1,1622611.75,531712.68,17.94,390.84,47.75,2374141.93,3398253.93,Salem,3154418.37
5409.0,5,5245712.68,2142670.28,78.92,2436.63,311.71,8638778.34,25180551.4,Chennai,17071537.23
3046.0,1,3535864.5,1460784.44,36.64,1344.01,122.18,5778196.08,9769075.83,Madurai,7952271.42
3316.0,6,3841225.44,1936215.99,78.13,1056.62,126.33,6568583.11,10445339.86,Coimbatore,10434156.14
4234.0,3,4998183.45,2554201.45,66.57,1517.04,190.01,8281341.85,15588284.85,Coimbatore,12775556.7
3148.0,3,3489448.15,1537144.23,51.4,985.99,178.47,5537372.61,12749275.08,Madurai,8333470.99
4719.0,5,5036704.48,3212298.58,76.7,1952.67,172.61,9434808.4,13251914.2,Chennai,15688167.74
5597.0,6,5177517.72,3482271.62,82.64,2399.39,338.98,9664041.13,26770072.91,Chennai,17299557.51
3709.0,5,4135406.83,2601883.71,78.62,1239.06,147.68,7568051.88,11799587.01,Coimbatore,12464839.95
3543.0,1,5159201.02,1505929.89,50.61,1257.39,134.75,7479149.56,10706404.25,Salem,9354940.96
4082.0,6,5284914.09,2122606.34,84.01,1239.62,240.2,8362850.06,17662009.37,Trichy,13251492.08
2310.0,1,2860466.85,1236936.36,29.82,955.57,106.96,4557080.19,7080902.4,Chennai,6770514.68
5794.0,4,6021774.67,2351491.78,107.53,1734.5,367.45,9328112.14,32802205.55,Madurai,14777655.03
5865.0,4,8600529.29,3540663.98,97.28,1684.31,299.34,13660034.02,28066298.01,Trichy,17797500.03
1778.0,5,1948949.66,1264505.89,69.25,795.65,68.5,3408274.37,6167615.69,Salem,5678845.78
1525.0,1,1934982.94,776062.31,22.71,722.47,67.59,2909749.95,4973178.93,Salem,4145813.39
1759.0,1,2574730.93,1113688.96,26.9,788.79,111.35,3900044.55,9895840.56,Coimbatore,5912628.19
3592.0,6,5501767.56,2269911.7,75.24,1283.31,164.69,8355886.07,11148017.04,Salem,11485051.55
3712.0,5,4417084.68,2681080.33,56.02,1156.31,152.84,8048874.14,10937409.21,Coimbatore,12468930.77
3434.0,6,3618180.13,1269368.0,69.75,1095.53,178.76,5732283.99,14500726.11,Salem,9268960.05
4921.0,2,6989686.8,2938405.69,67.8,1720.28,185.61,10598079.91,14502463.35,Trichy,13793981.0
5713.0,2,7148733.17,2417304.6,94.12,2368.44,274.47,10346338.15,23784670.29,Trichy,14431526.55
4490.0,6,4589396.6,1764233.0,88.72,1713.56,215.97,7517304.62,17188639.95,Madurai,12128129.79
3233.0,6,4155768.71,1426357.92,52.46,1539.8,158.64,6369300.25,12575192.16,Chennai,10655875.8
4946.0,5,6535245.87,3277728.14,95.74,2231.86,266.75,10582709.02,22640430.08,Trichy,17068374.08
4261.0,5,5012227.72,2875532.38,86.89,1584.84,176.68,8821910.26,12179495.08,Coimbatore,13155011.73
2682.0,4,3716515.44,1898521.17,50.53,1263.78,106.29,5968059.46,7838172.2,Coimbatore,9592699.84
3506.0,5,4769220.25,1472773.23,73.67,1085.06,151.47,6765556.07,10423860.08,Trichy,10190380.64
5095.0,5,4817096.08,2763778.88,88.93,2257.16,246.84,8759293.1,17827322.14,Coimbatore,13900896.8
2612.0,2,3016439.51,1165920.65,37.17,873.87,101.68,4626952.52,7533108.91,Madurai,6299138.52
5475.0,2,7643379.6,3952957.33,82.45,2482.55,355.68,12681277.37,32613756.62,Salem,18202206.03
5516.0,3,5255369.55,1965473.38,87.03,1993.88,287.08,8259759.65,25865476.18,Madurai,12523178.37
4479.0,2,6339815.05,3086634.53,59.37,2051.29,199.0,10162196.37,14535755.36,Salem,14012200.08
3913.0,3,4938406.18,1833318.18,71.98,1140.99,248.39,7415259.23,22361199.71,Coimbatore,12263277.16
4256.0,2,4315798.76,2871928.71,78.57,1310.9,235.49,8167951.6,16968853.98,Salem,11649793.4
2164.0,4,2552377.59,1131785.5,59.22,939.98,100.3,4189717.04,7160671.43,Coimbatore,6317977.71
3732.0,4,5770233.86,1363888.23,78.44,1649.5,140.59,7743324.6,12289216.68,Chennai,12626911.2
2669.0,2,3113473.14,1445975.67,40.17,1115.86,172.12,5002222.43,13270775.35,Chennai,8822330.3
1079.0,2,1482955.92,703323.77,27.78,345.4,43.77,2374254.97,3224775.77,Chennai,3912140.86
4919.0,4,5277693.81,2261036.83,85.25,2305.83,231.5,8207470.25,20927195.94,Salem,12845294.41
2056.0,1,2066818.71,1245319.48,26.05,952.91,124.45,3796821.53,8939187.15,Madurai,5457606.99
967.0,4,1259319.89,632405.19,42.65,452.27,54.98,2056691.07,5019250.82,Coimbatore,3648127.4
5919.0,5,8483873.54,3845817.84,100.64,1939.47,296.46,13400108.83,24451863.76,Salem,19779659.12
2794.0,6,2962677.37,1801038.35,63.51,887.67,164.45,5472554.09,14250114.81,Salem,8946478.54
1530.0,6,1727114.4,926092.81,67.56,457.11,72.48,3020539.17,5328694.76,Madurai,4966196.32
4876.0,4,7188659.46,2294295.23,70.47,1956.61,266.98,10617771.84,17549705.29,Salem,14033012.14
5565.0,5,7046904.43,3050966.9,117.26,2521.06,199.93,11007358.16,18664593.82,Salem,17116687.76
969.0,4,1417933.57,628325.95,23.4,374.28,56.57,2181252.81,4068532.84,Coimbatore,3264277.61
2504.0,6,3409223.47,1512977.25,59.44,939.57,121.41,5429186.29,8625619.99,Chennai,9815884.68
5407.0,1,6899851.3,2197463.84,62.17,2510.9,243.13,9784336.97,17347750.2,Coimbatore,13546144.86
1693.0,1,1602167.07,1262858.18,31.82,754.15,88.73,3244099.39,7446488.66,Madurai,4641325.07
5376.0,3,7329032.53,2843673.37,90.59,1687.76,316.63,10934552.87,22039406.58,Madurai,15409564.48
4938.0,6,5504047.1,3083385.7,67.59,2138.18,218.41,9252381.8,18710330.15,Trichy,14212725.75
5522.0,6,6010101.58,3157006.0,100.52,2234.8,215.65,10332064.46,18382318.84,Madurai,16593525.18
3930.0,1,4678449.82,2018503.23,70.06,1447.0,225.14,7239017.68,20238275.84,Madurai,10994349.0
3593.0,6,4399543.15,2148210.71,66.84,1385.93,190.64,7331036.56,12802812.03,Madurai,11275202.89
4244.0,3,6362160.2,2323176.77,79.11,1570.77,171.57,9257031.69,11642003.73,Madurai,12893999.07
703.0,3,967857.49,255090.32,17.49,329.16,28.13,1363732.19,2104116.14,Trichy,2011200.9
2333.0,3,3251660.71,1031819.76,39.37,1006.03,141.13,4889623.21,10121442.58,Trichy,6602887.22
2220.0,5,2838467.76,1659248.0,48.1,905.33,134.97,5051093.73,9598789.25,Coimbatore,7926298.84
4241.0,5,4652722.0,2230442.06,82.24,1956.04,250.02,7489885.26,18657986.19,Trichy,12285105.45
3601.0,2,4731122.29,1848498.48,48.59,1246.43,139.78,7048449.2,12652203.71,Madurai,9789549.08
998.0,2,1390784.57,570449.27,25.63,314.77,54.57,2104950.79,3653162.38,Chennai,3460108.81
991.0,5,1438649.44,408449.42,35.38,365.25,36.82,2073483.25,3379722.54,Chennai,3470480.01
3605.0,2,5362573.49,2054119.79,64.81,1485.25,204.56,8122942.66,19146049.68,Salem,10960142.56
3319.0,6,3763026.08,1459584.54,82.84,1401.55,118.0,5787731.98,9949865.12,Madurai,9760696.19
4048.0,5,5775839.48,2569194.07,92.14,1621.96,171.5,8777393.5,12297982.61,Madurai,13283194.64
3111.0,1,4466991.89,2240774.49,56.14,882.19,195.21,7492698.45,12759343.55,Chennai,11287265.34
4491.0,6,6686364.46,3315633.73,71.12,2020.76,239.89,10892823.43,18595395.26,Trichy,15219318.35
3731.0,4,3539828.22,2394974.82,59.37,1425.12,165.53,6886631.04,14400172.31,Trichy,9781591.12
5841.0,2,6090566.86,3128258.03,72.77,1886.93,355.06,10156375.97,32150902.85,Trichy,15095170.07
1981.0,3,2114977.22,1242425.03,28.63,589.7,109.4,3663184.96,7344986.87,Salem,5125630.53
4699.0,5,5099963.6,2274404.11,76.1,2107.72,227.39,8560752.56,19220089.02,Chennai,15743983.29
1314.0,5,1303573.84,540153.93,26.71,443.24,51.5,2067859.9,3987709.63,Madurai,3361584.65
2125.0,2,1956760.21,1265978.19,41.4,641.18,75.25,3519658.44,5922165.78,Coimbatore,5548330.86
2788.0,1,3470465.51,1637688.59,54.89,972.92,132.82,5431690.3,11752161.37,Coimbatore,8614350.93
2420.0,1,3123959.36,1586401.06,42.41,983.66,152.16,5332205.48,10083516.45,Coimbatore,7490110.59
3058.0,4,3420635.35,2278390.36,73.73,1371.61,136.74,6239581.51,12900682.84,Chennai,10923399.82
798.0,1,745027.94,581076.97,16.94,237.92,38.07,1524660.78,3048540.33,Salem,1941655.36
5847.0,6,8528989.75,3094822.61,129.32,2093.1,297.74,13122072.96,21018747.67,Madurai,19108348.77
1758.0,1,2029952.95,756068.99,23.62,729.5,75.43,3061737.61,5692061.82,Coimbatore,4430557.95
4499.0,4,6542467.25,2603932.35,99.22,1568.04,162.73,9952332.62,11182231.52,Coimbatore,14396193.67
4296.0,5,4231511.36,2890252.96,72.41,1813.22,242.33,8233780.8,18234176.46,Madurai,12611623.07
1563.0,5,1587450.19,930366.01,65.92,520.35,56.56,2701187.22,4084052.84,Madurai,4547721.37
5070.0,1,5483613.78,2165785.84,74.69,1763.35,227.33,8229189.64,14948162.59,Coimbatore,12541424.32
1771.0,4,2662772.91,977038.99,37.99,770.01,102.62,4056144.91,9426880.96,Salem,5828499.51
1345.0,5,1915494.09,636701.28,26.72,644.06,78.15,2706767.26,6618124.63,Chennai,5172901.26
881.0,5,1137870.23,610307.6,33.11,319.66,31.96,1899458.37,2331479.73,Trichy,2865995.18
5208.0,3,7664184.6,2385974.31,68.36,1799.68,260.79,10919056.04,18965134.3,Coimbatore,15401354.82
3364.0,5,4264756.89,1733682.13,54.24,1594.38,196.93,6855636.3,17752450.72,Coimbatore,10694418.18
5611.0,4,5669837.16,3800279.47,83.35,2614.28,215.77,10537429.75,18692787.39,Coimbatore,16720276.26
1011.0,2,954275.57,561001.06,27.13,307.08,63.81,1761107.93,4503362.27,Salem,2495537.04
1339.0,4,1830065.55,705736.56,32.08,642.66,65.16,2856633.32,5178070.04,Trichy,3969190.93
5589.0,6,8407314.29,4074365.45,105.6,2070.67,265.39,13210525.78,24403205.41,Chennai,22310354.49
3231.0,5,3048937.0,1180932.22,58.44,1328.24,122.2,5044004.39,10686920.68,Madurai,7682664.44
5345.0,6,6090219.71,3019225.12,92.37,1890.93,227.89,9973984.72,16159543.89,Coimbatore,15976641.83
2328.0,4,2682554.38,1136421.02,55.98,828.24,122.51,4411666.55,9881773.98,Chennai,7889802.65
5522.0,3,6509964.58,3475145.7,69.8,1648.63,286.37,10649131.92,25070643.3,Chennai,17807192.9
1129.0,5,1654081.18,679182.92,46.31,506.35,68.95,2452744.85,5632217.52,Trichy,4274893.61
1846.0,5,2165624.95,784996.16,57.39,592.33,69.79,3397509.29,6136607.88,Trichy,5076024.24
2158.0,2,3305722.84,1366604.85,33.86,733.34,78.09,5139657.91,5176914.33,Salem,6553364.12
725.0,6,1009002.06,390525.66,37.13,250.07,36.72,1522041.23,3045931.2,Salem,2690735.2
3974.0,6,3780001.79,2002392.85,87.62,1341.2,159.9,6665624.76,12774062.63,Trichy,10013393.41
5572.0,6,6475376.26,2129122.09,130.88,1793.02,228.14,9673110.48,18237288.99,Chennai,18076701.33
1522.0,3,2187716.0,617067.84,38.91,690.45,70.14,3095241.25,4704895.47,Coimbatore,4541746.48
1602.0,4,1741756.85,1024475.98,56.33,716.26,60.34,2932522.1,4024255.12,Trichy,4903009.86
4596.0,2,5774311.71,2392207.34,60.48,1747.09,297.24,8736518.32,26727793.17,Salem,12750166.41
974.0,1,1297746.96,607859.62,19.08,344.13,49.33,2075040.18,3689970.33,Salem,2672987.07
4759.0,2,5412318.9,1951078.6,61.72,1459.86,265.63,8484744.65,19158653.07,Madurai,11020540.39
1498.0,1,2090404.14,1115822.05,32.76,440.97,79.04,3537242.31,5989379.5,Chennai,4992124.3
2322.0,4,3585885.52,1051975.06,47.53,908.02,122.82,5164405.04,10757930.63,Madurai,7884021.35
5431.0,2,6850230.62,2546947.74,92.95,2261.36,348.88,10302558.68,28301832.3,Coimbatore,16192475.23
2547.0,1,2684171.99,1429005.92,51.48,776.25,104.27,4679761.62,7080954.89,Chennai,7244272.62
5472.0,1,7385561.63,3297708.55,68.4,2318.32,287.75,11512793.27,24722681.41,Chennai,18964720.39
1013.0,4,1349137.88,531674.28,43.32,316.13,41.61,2069544.23,3305240.8,Salem,3005163.36
3729.0,3,4769151.86,2178021.42,63.05,1522.59,218.92,7692830.47,17759894.91,Madurai,11422755.24
4822.0,1,5195954.55,2704948.7,57.22,1437.35,254.45,8554178.53,22142234.39,Salem,11803790.81
5086.0,6,5696749.45,2687951.04,92.21,1952.77,234.19,8934297.51,16227416.45,Madurai,14183670.77
1551.0,3,2347738.42,856247.17,31.56,539.22,92.24,3454215.93,8133361.52,Salem,4715954.53
4955.0,6,7548508.65,2531287.66,131.72,2263.11,251.04,11013122.58,17912359.22,Trichy,17569928.35
4296.0,3,3961000.36,2677292.9,64.86,1441.05,157.23,7714253.2,14640217.39,Chennai,12522677.02
3522.0,6,4130768.85,1400978.96,79.72,1575.49,138.68,6011697.04,11296543.22,Madurai,9849025.05
2563.0,1,3245156.69,1274419.22,38.29,795.04,159.94,5145969.0,14374130.45,Coimbatore,7562949.24
4046.0,4,5457334.25,1442774.79,63.29,1765.24,187.4,7312734.5,15047087.13,Trichy,11248186.37
700.0,3,784571.26,314951.3,21.65,331.79,28.13,1205325.11,2076632.01,Madurai,1927552.13
3580.0,1,5432654.12,1661436.59,43.69,1190.27,175.1,7469844.53,14626409.93,Trichy,10195163.51
1311.0,5,1620098.96,775558.58,29.24,393.29,71.65,2735585.23,4690956.49,Trichy,4062686.44
3655.0,3,4584770.54,2185567.16,63.79,1112.79,229.48,7151052.68,20673012.64,Salem,10194667.58
4527.0,2,4085758.72,2390720.84,70.62,1675.98,213.09,7485211.8,19560454.95,Trichy,10219867.37
4159.0,5,6212119.02,1603268.7,95.01,1955.28,196.87,8675400.31,15494199.75,Coimbatore,14482626.39
3300.0,1,3279217.08,1965742.42,56.41,1155.81,203.28,6007528.46,16218555.31,Coimbatore,8654415.51
4797.0,1,4933058.91,3330818.38,59.53,2185.01,305.99,8918829.92,28443263.74,Madurai,13393762.47
1491.0,3,1884986.36,726178.05,32.28,442.06,74.4,2972048.83,6242192.76,Trichy,4154780.71
3461.0,2,3585700.78,2350622.43,66.74,1495.14,180.82,6760277.32,13332401.06,Madurai,9983510.32
2498.0,5,3545130.1,1538348.05,66.63,909.35,148.42,5630871.78,11664130.16,Salem,8260257.58
5613.0,3,5438225.39,2471460.47,73.6,2014.04,237.88,8912491.27,21212452.61,Madurai,14033813.45
3919.0,1,4991369.59,2104147.73,52.1,1409.78,192.64,7852354.05,15417203.52,Chennai,12383754.14
3202.0,5,3592311.06,2146079.17,48.88,1269.71,139.48,6437283.0,10065161.9,Trichy,9457700.56
1605.0,2,1977750.73,1170781.03,36.75,766.21,98.3,3351626.16,8806588.62,Madurai,5073131.98
870.0,6,1172489.38,489893.67,53.25,367.06,42.68,1873616.86,3068293.19,Salem,3028476.73
3660.0,4,5606374.54,1642983.62,66.61,1654.73,152.96,7910019.51,14489168.8,Madurai,11789985.81
764.0,4,1088578.37,375974.04,22.43,327.12,44.73,1557658.13,3435086.6,Madurai,2627826.53
5464.0,1,5978672.72,3125500.42,81.65,2032.65,221.0,10113592.7,19049986.05,Chennai,14829524.62
3749.0,2,3800494.74,2459062.08,66.03,1204.38,152.21,6932592.8,10043972.27,Salem,8934825.21
885.0,5,1278204.85,338348.02,43.27,401.73,49.52,1800512.94,3998739.46,Madurai,3266784.47
4160.0,4,4597827.15,1576565.08,61.35,1726.69,250.57,7250001.99,17503309.54,Chennai,12864237.96
1859.0,6,1732158.56,1211391.74,61.55,711.64,79.55,3169670.54,5449901.12,Trichy,5515176.79
1247.0,2,1297892.23,781562.28,24.99,582.34,58.06,2370925.9,3905002.88,Coimbatore,3607436.25
1886.0,6,2735244.75,1097399.06,47.39,784.38,109.6,4322469.24,8743135.97,Trichy,6608942.92
1024.0,4,1084515.61,493068.25,24.06,320.67,37.22,1823055.5,3193779.83,Chennai,2923028.37
3054.0,1,3857624.35,1414044.02,41.92,1419.08,133.26,5908925.96,8877935.83,Salem,8030294.5
5767.0,6,6934172.21,2525930.87,101.49,1870.76,279.91,10463836.91,25133745.59,Trichy,17044567.42
2572.0,4,3401181.49,1178459.62,44.95,1124.96,123.43,5017184.95,8931490.01,Trichy,7454437.61
1810.0,6,1704541.71,1189175.37,50.85,662.94,107.61,3167631.45,9441549.28,Coimbatore,6234971.84
3157.0,4,3727131.16,2049258.86,59.7,1215.62,140.59,6144748.89,10887798.88,Salem,8981403.94
1356.0,4,2040728.84,494246.99,35.33,385.17,57.61,2696282.39,4119451.14,Madurai,3981998.56
1464.0,3,1821033.89,512979.74,31.19,570.86,65.69,2608870.31,4707209.87,Madurai,4091808.87
828.0,3,813475.38,338336.31,25.47,332.9,53.49,1246328.06,5040592.32,Chennai,2502483.01
5303.0,4,6220707.05,2670488.59,66.3,2542.33,245.92,9971968.16,23125629.26,Madurai,15873911.59
1005.0,3,1364647.26,411722.04,30.84,373.11,39.85,1916123.65,3611477.47,Madurai,2815621.7
2173.0,5,3367288.46,767054.22,65.13,634.51,114.5,4589455.83,9463064.44,Madurai,7326538.94
2635.0,4,2727130.57,1515794.86,51.83,986.43,117.65,4542635.06,8510388.27,Madurai,6736833.37
1525.0,6,1593035.53,1030824.33,46.57,554.57,68.22,2971157.46,6393992.81,Trichy,4582017.98
5339.0,1,5318527.57,3819266.69,72.2,1662.59,188.76,9883500.5,17444985.8,Trichy,13539388.59
4177.0,6,4032872.57,2451362.24,94.29,1437.27,181.72,7285447.1,12810900.09,Coimbatore,12634493.02
3186.0,2,4794567.68,1759595.56,46.52,1344.49,179.96,7318854.16,15009949.14,Chennai,11035187.44
4642.0,1,6007039.99,1747903.89,72.85,1809.35,184.8,8672505.6,16396439.81,Salem,11175695.12
5056.0,6,6400678.56,2725967.04,79.41,2405.89,191.84,10303052.33,15888471.9,Madurai,15135611.89
2188.0,5,2089348.73,1443570.49,40.15,647.43,125.86,3854270.22,11539174.87,Madurai,6521431.37
4739.0,4,6448897.25,3455958.75,95.99,1549.34,221.77,10941622.31,17570500.44,Coimbatore,16447218.47
1627.0,2,1613720.46,743170.42,28.6,578.56,95.5,2536370.44,6934920.55,Coimbatore,4403843.65
1919.0,1,2497695.29,675476.46,36.13,683.06,120.38,3599872.67,9440055.17,Trichy,5141571.78
1816.0,6,2178541.77,1102330.8,39.8,830.48,68.87,3650885.67,6094346.7,Trichy,5630052.42
3958.0,3,3952385.22,1726591.55,75.71,1458.05,167.56,6633842.27,12770958.78,Trichy,9449081.79
5544.0,3,5645249.63,3562856.07,80.04,2621.22,329.72,10404331.79,30028309.14,Chennai,17612072.61
5506.0,1,7134262.27,2515800.79,87.41,2267.72,321.7,10871032.2,23963037.46,Trichy,14095569.76
3162.0,3,3969665.7,2269161.4,56.0,1423.07,202.17,6790532.86,13428993.0,Coimbatore,10266235.18
1142.0,4,1153946.9,835123.48,48.93,493.54,61.93,2226792.57,4641206.12,Coimbatore,3946421.82
3027.0,2,4569282.32,1424861.38,58.06,1244.97,146.93,6603150.06,10253301.89,Trichy,8636251.22
4269.0,6,4292124.99,2061717.2,89.42,1357.9,174.13,7150771.3,11991932.0,Coimbatore,12417812.2
4585.0,6,5398457.65,3257377.14,90.7,1945.3,265.15,9732802.32,17686940.85,Chennai,16692660.07
4818.0,1,4878059.01,3605821.56,90.23,1965.26,274.88,9514329.07,24946060.5,Coimbatore,13712426.96
2484.0,1,3201984.1,1220993.94,44.13,860.33,92.17,4693997.63,8524304.77,Madurai,6960861.89
2354.0,1,2336748.32,1497072.72,34.84,704.41,95.71,4098086.23,7955477.42,Salem,5855305.67
4190.0,5,5706759.04,3116664.53,60.21,1899.75,192.49,9245348.94,15440980.11,Trichy,13301459.53
5667.0,5,5740415.85,2114227.75,128.48,2566.1,222.71,8682767.81,15779004.53,Madurai,13835656.01
1999.0,4,2708543.87,1217692.83,48.91,597.34,79.22,4424161.9,6958975.8,Coimbatore,6971386.71
5591.0,5,8405258.48,2888767.06,113.23,1687.91,211.68,12167744.43,18212432.67,Trichy,18252757.0
5869.0,4,5840732.04,3809923.8,91.01,1972.67,263.62,10495083.37,23556399.38,Chennai,18747622.76
4728.0,2,6737835.17,2935475.18,85.92,1781.05,227.8,10230929.28,18348883.02,Chennai,15663819.5
3426.0,1,3378567.39,2506609.99,54.65,1179.97,212.23,6536372.77,19647351.04,Trichy,8791053.87
2289.0,6,2574207.21,1535375.9,53.22,1085.61,118.09,4437704.99,9408175.68,Madurai,6981555.3
2162.0,5,2088346.68,1023705.69,38.17,639.66,120.82,3353081.5,9582543.04,Salem,5357457.85
2495.0,3,3483562.27,1822889.11,63.97,995.39,135.35,5839353.98,11657107.36,Chennai,9999077.12
1651.0,3,2058273.77,791705.35,45.6,473.38,71.44,3039970.88,5052168.71,Salem,4558108.15
4085.0,1,3915929.14,2137882.98,63.96,1616.86,203.22,6780603.61,19100085.81,Madurai,10215698.36
5771.0,3,6991535.9,2080974.36,70.99,1911.28,375.01,10313219.56,24908683.82,Salem,13651529.16
1028.0,3,973019.4,743609.29,26.41,414.62,44.98,1829950.9,3919005.41,Madurai,2770902.23
1213.0,1,1337083.86,430598.34,22.52,534.05,64.45,2053343.54,4974893.38,Chennai,3324238.03
5199.0,4,7869698.59,2391479.43,106.37,1837.0,236.77,11217517.44,21662532.01,Coimbatore,17014341.53
5485.0,4,6149180.4,3722720.09,98.82,2087.59,302.53,11118553.41,25016165.41,Salem,15855807.69
4802.0,6,4684180.77,1755078.37,98.63,1686.77,248.83,7288720.76,21234721.84,Chennai,14878540.75
5268.0,2,5926707.54,3076823.49,72.15,1823.06,294.07,10076020.66,20305765.84,Coimbatore,15343991.5
3037.0,4,4421436.39,1261178.83,57.21,856.51,189.7,6207372.48,17760942.55,Chennai,10602880.51
1435.0,6,2151858.88,821871.81,59.05,559.36,90.89,3218087.55,6639787.15,Salem,5331900.22
1433.0,2,1316100.81,925973.28,19.71,432.81,79.9,2533939.13,5358629.25,Salem,3554471.28
3033.0,4,4518194.26,2126728.54,53.51,1001.93,152.19,6997144.54,12900758.43,Salem,9958670.2
1410.0,4,1543503.2,624393.38,43.89,410.96,85.32,2503085.77,6421646.11,Chennai,4646298.74
1281.0,3,1281287.04,719236.62,43.57,595.48,76.41,2243919.42,6244799.98,Salem,3525545.2
5919.0,5,7489083.41,2850082.78,95.37,2363.15,254.05,11108975.75,16821366.51,Chennai,19037773.85
1239.0,6,1386237.83,770199.18,37.73,550.52,69.08,2391201.19,4492397.7,Chennai,4773257.31
886.0,4,1337343.83,629876.26,42.85,328.02,52.0,2056772.12,3829329.99,Trichy,3391701.16
1187.0,5,1546440.8,558486.44,56.21,436.63,57.47,2328526.28,4441352.01,Coimbatore,4133385.67
3629.0,5,5410415.0,2623201.25,68.41,1527.98,218.28,8723406.26,18772238.61,Salem,13111199.56
1859.0,5,2574690.48,805798.67,51.66,521.44,112.8,3747834.84,7769137.1,Madurai,6021258.97
5027.0,5,5805318.35,3477080.4,95.39,1408.21,273.2,10362741.9,22405890.12,Trichy,15295850.44
2975.0,5,3995104.49,1372158.11,61.53,1420.82,190.81,6102163.63,16726629.67,Salem,9035028.54
3930.0,1,5492154.33,2194287.45,44.43,1399.82,197.2,8351287.93,13460616.78,Madurai,10452272.96
2705.0,6,3286168.62,999467.67,77.57,846.33,151.9,4900352.28,10913558.59,Trichy,7609828.3
3839.0,2,5672955.84,2179167.03,47.17,1328.31,188.6,8530907.25,17904124.87,Coimbatore,11757548.06
1995.0,6,2915479.68,1139702.51,59.0,675.29,117.65,4413732.9,10915156.63,Madurai,7217048.81
4000.0,4,4910225.71,2847210.16,94.55,1769.75,243.29,8466496.88,21924153.02,Trichy,12748811.0
1653.0,5,1638606.67,781572.73,41.69,590.79,98.52,2653365.04,8606901.97,Chennai,5510234.85
1090.0,4,1265603.58,696500.33,38.55,390.32,53.98,2207023.87,3982806.7,Trichy,3478361.09
1021.0,2,1453795.65,392799.3,33.89,463.42,62.78,2104096.04,4905960.72,Trichy,2968657.32
2220.0,1,2315529.73,1607769.16,43.09,731.04,90.95,4225495.39,7701819.67,Madurai,5766183.2
3443.0,4,5091052.74,2034891.18,56.69,1074.04,153.62,8001447.95,12850823.33,Coimbatore,11538751.35
2171.0,1,2897174.14,1246720.93,28.93,886.95,88.34,4397950.24,8300351.71,Salem,5950038.99
4801.0,3,6159027.82,1799053.69,62.09,2116.81,245.0,8650633.07,16147143.77,Chennai,13890472.19
5024.0,3,6989994.32,2461846.86,79.72,2270.02,220.65,10123202.37,16389588.99,Chennai,16083831.87
4739.0,2,4520572.59,1959159.52,78.8,1381.22,196.1,7642376.14,17982544.64,Coimbatore,11029445.03
4301.0,2,4461399.97,1726573.67,70.56,1513.89,229.35,6821944.3,17287351.32,Madurai,10646432.36
